{"data_amount": 66852, "learning_rate": 0.0001, "num_filters": 128, "dense_unit": 256, "batch_size": 32, "epochs": 500, "accuracy": 0.8738314509391785, "max_accuracy": 0.8738314509391785}